TrajectoryID,PathLength,PenetrationDepth,LateralSpread,LateralY,LateralZ,MeanScatterAngle,FinalEnergy,NumSteps,BoundaryExit
0,4.7967,4.4124,1.2300,0.5920,-1.0781,9.4024,0.0000,226,False
1,4.8030,4.4739,0.8910,0.5769,-0.6790,9.9321,0.0000,236,False
2,4.7947,4.4369,0.7896,0.5895,-0.5253,10.4015,0.0019,232,False
3,4.8233,4.3699,1.1137,0.8486,-0.7213,9.9944,0.0000,238,False
4,4.8410,4.2197,1.4353,1.0274,-1.0022,9.8690,0.0000,235,False
5,4.7797,4.2875,1.2488,1.0396,-0.6919,10.3217,0.0000,234,False
6,4.7535,4.3876,0.8786,0.2448,-0.8438,10.1045,0.0062,234,False
7,4.7944,4.3131,1.2793,0.9658,-0.8390,9.4369,0.0000,236,False
8,4.8172,4.3106,1.2884,0.7769,-1.0279,9.8805,0.0000,234,False
9,4.8387,4.4355,0.8728,0.4368,-0.7557,9.7858,0.0000,236,False
10,4.8488,4.4261,0.9549,0.4158,-0.8597,10.1387,0.0000,235,False
11,4.8188,4.5013,0.7595,0.0437,-0.7582,9.3060,0.0000,233,False
12,4.7819,4.4177,0.9326,0.7350,-0.5740,10.4734,0.0000,234,False
13,4.8081,4.4845,0.8688,0.1292,-0.8591,9.9835,0.0000,234,False
14,4.7662,4.3003,1.1123,0.2817,-1.0760,9.3290,0.0013,231,False
15,4.7956,4.2215,1.2937,0.4108,-1.2268,9.9987,0.0000,236,False
16,4.8720,4.4284,1.0195,0.7064,-0.7351,10.2625,0.0000,234,False
17,4.8094,4.4323,0.9336,0.5841,-0.7283,9.5563,0.0092,237,False
18,4.8079,4.3710,1.3973,0.8878,-1.0790,9.5466,0.0000,234,False
19,4.7688,4.3693,0.9803,0.6401,-0.7424,10.0478,0.0000,231,False
20,4.8064,4.2884,1.6177,0.3973,-1.5682,9.8505,0.0000,227,False
21,4.7793,4.2703,1.1133,0.0393,-1.1126,9.9699,0.0000,233,False
22,4.8592,4.3988,1.1677,0.8975,-0.7469,9.9387,0.0000,234,False
23,4.7747,4.4549,0.5740,0.4590,-0.3447,9.8305,0.0000,237,False
24,4.8160,4.3780,1.0674,0.0993,-1.0628,10.4333,0.0000,236,False
25,4.8418,4.3269,1.4981,0.6015,-1.3720,9.7932,0.0000,232,False
26,4.7904,4.4270,1.0802,0.8239,-0.6987,10.5178,0.0000,233,False
27,4.8182,4.3446,0.8171,0.6892,-0.4389,11.1622,0.0000,242,False
28,4.8112,4.4344,0.8972,0.5161,-0.7339,9.7860,0.0000,235,False
29,4.8411,4.3241,1.2324,0.7722,-0.9605,10.2645,0.0000,229,False
30,4.8078,4.5019,0.9826,0.6935,-0.6961,9.7099,0.0000,234,False
31,4.7936,4.3747,0.9571,0.5636,-0.7735,9.8588,0.0000,237,False
32,4.8229,4.3661,1.1108,0.2733,-1.0767,9.5981,0.0000,236,False
33,4.7981,4.2570,1.2699,0.5657,-1.1370,9.7876,0.0000,230,False
34,4.8256,4.2790,1.4594,0.5320,-1.3589,9.8539,0.0000,234,False
35,4.8420,4.2771,1.2565,0.4921,-1.1561,10.2052,0.0000,231,False
36,4.8110,4.2691,1.3183,0.8237,-1.0293,10.0735,0.0000,230,False
37,4.7872,4.3816,1.0210,0.0321,-1.0205,10.2741,0.0000,236,False
38,4.7977,4.4672,0.7627,0.6620,-0.3788,10.2255,0.0000,238,False
39,4.8564,4.3823,0.7774,0.5991,-0.4954,10.0233,0.0000,240,False
40,4.8049,4.4100,0.9673,0.0706,-0.9647,10.7292,0.0016,230,False
41,4.8590,4.4479,1.3140,0.8287,-1.0197,10.5957,0.0000,233,False
42,4.8179,4.4512,0.5436,0.4982,-0.2174,9.5938,0.0000,242,False
43,4.8275,4.4214,1.0398,0.4445,-0.9400,10.3402,0.0000,235,False
44,4.8035,4.3735,1.2508,0.0315,-1.2504,10.1315,0.0005,228,False
45,4.8334,4.3072,1.3857,0.5618,-1.2667,10.0699,0.0018,232,False
46,4.7782,4.2234,0.9865,0.9822,-0.0922,10.0415,0.0025,244,False
47,4.7981,4.4405,0.8345,0.3717,-0.7471,9.6821,0.0000,230,False
48,4.8520,4.4461,1.2350,0.0971,-1.2312,9.2084,0.0000,237,False
49,4.8273,4.2977,1.3222,0.7155,-1.1119,9.7981,0.0000,230,False
50,4.8187,4.4744,0.7718,0.5157,-0.5742,9.4337,0.0067,238,False
51,4.8111,4.4580,0.5220,0.2216,-0.4726,10.0065,0.0000,239,False
52,4.8269,4.5137,0.4687,0.1009,-0.4577,10.1134,0.0000,234,False
53,4.8675,4.3212,1.6041,0.3055,-1.5747,9.7054,0.0000,224,False
54,4.7889,4.3696,1.0348,0.5605,-0.8699,9.7567,0.0000,232,False
55,4.8327,4.3581,0.5894,0.5759,-0.1257,10.3425,0.0000,247,False
56,4.8265,4.3671,0.8618,0.7411,-0.4397,10.0357,0.0000,239,False
57,4.8633,4.4636,0.9682,0.5440,-0.8010,9.4596,0.0000,235,False
58,4.8037,4.2536,1.3365,1.0165,-0.8677,9.6718,0.0000,231,False
59,4.8051,4.2876,1.2721,0.4598,-1.1861,9.8710,0.0000,228,False
60,4.8465,4.4092,0.7826,0.3749,-0.6870,10.1800,0.0000,238,False
61,4.7667,4.2286,1.4161,0.2490,-1.3940,9.6554,0.0095,228,False
62,4.8707,4.4175,1.1392,0.4325,-1.0539,10.0830,0.0000,234,False
63,4.8270,4.5735,0.4534,-0.1064,-0.4408,10.2034,0.0098,238,False
64,4.8118,4.4552,1.0095,0.2255,-0.9840,9.8137,0.0092,232,False
65,4.7896,4.3839,1.2829,0.3808,-1.2250,10.1691,0.0026,229,False
66,4.7997,4.4151,1.0650,0.4977,-0.9416,9.7232,0.0000,235,False
67,4.8382,4.4723,0.5972,-0.1212,-0.5848,10.5331,0.0000,235,False
68,4.8419,4.3559,1.2443,0.8194,-0.9365,9.7712,0.0000,236,False
69,4.7859,4.4878,0.9223,0.1355,-0.9123,10.1078,0.0000,229,False
70,4.8179,4.4407,0.6707,0.2749,-0.6117,10.2393,0.0000,241,False
71,4.8320,4.3439,1.2947,1.2404,-0.3707,9.7137,0.0043,236,False
72,4.8370,4.3818,1.0649,0.4350,-0.9720,9.8869,0.0000,235,False
73,4.7797,4.3637,1.0762,0.6238,-0.8770,10.0941,0.0064,233,False
74,4.7832,4.3708,0.7416,0.2421,-0.7010,10.2116,0.0071,234,False
75,4.8294,4.2886,1.3862,0.1907,-1.3730,9.8819,0.0000,235,False
76,4.8381,4.3527,1.0559,0.6699,-0.8161,9.6803,0.0000,235,False
77,4.8250,4.4562,0.7606,-0.1903,-0.7364,10.0994,0.0000,236,False
78,4.7632,4.4139,0.8968,0.3738,-0.8151,9.7746,0.0000,231,False
79,4.8378,4.3432,1.4633,0.5786,-1.3440,9.9091,0.0000,227,False
80,4.8605,4.4581,1.3556,0.6726,-1.1770,9.9152,0.0000,227,False
81,4.7901,4.2562,1.5625,0.8867,-1.2865,9.9788,0.0000,229,False
82,4.8082,4.4720,0.9879,0.5264,-0.8359,9.6333,0.0009,234,False
83,4.8110,4.4989,0.7829,0.3153,-0.7166,9.8345,0.0000,235,False
84,4.7964,4.3957,1.1083,0.2776,-1.0729,9.7019,0.0032,233,False
85,4.8640,4.3716,1.1281,0.3620,-1.0685,9.9579,0.0000,230,False
86,4.8151,4.4599,0.7659,0.6728,-0.3661,9.9623,0.0000,236,False
87,4.7744,4.3072,1.4629,0.7752,-1.2406,9.7549,0.0087,225,False
88,4.8350,4.4504,0.9950,0.1832,-0.9780,10.5279,0.0000,238,False
89,4.8457,4.4126,1.1023,0.4662,-0.9989,9.8513,0.0000,233,False
90,4.8565,4.5749,0.3093,-0.0986,-0.2931,9.8474,0.0080,236,False
91,4.8090,4.3864,1.2874,0.4993,-1.1867,9.8556,0.0000,229,False
92,4.8219,4.4160,1.2984,0.6486,-1.1248,9.5666,0.0043,233,False
93,4.8439,4.3297,1.2035,0.9862,-0.6898,9.6877,0.0000,237,False
94,4.8449,4.3803,1.4802,0.3695,-1.4333,10.2222,0.0000,227,False
95,4.8470,4.3256,1.0061,0.8626,-0.5178,10.4010,0.0000,235,False
96,4.8088,4.3192,1.1717,0.8446,-0.8122,10.2814,0.0000,235,False
97,4.8013,4.3883,0.7165,0.3161,-0.6430,10.3228,0.0000,240,False
98,4.8233,4.4546,1.1603,0.8799,-0.7563,9.6570,0.0000,238,False
99,4.8000,4.4520,0.9097,0.3030,-0.8578,10.1564,0.0000,230,False
100,4.7927,4.3724,0.8072,0.5733,-0.5683,9.9878,0.0000,239,False
101,4.8071,4.4752,1.0187,0.8543,-0.5549,10.0762,0.0000,231,False
102,4.7969,4.4341,0.9404,0.7725,-0.5363,10.0500,0.0000,239,False
103,4.7885,4.3913,0.9889,0.5848,-0.7975,9.6438,0.0000,231,False
104,4.8386,4.2878,1.2304,1.0479,-0.6448,9.7118,0.0000,238,False
105,4.7800,4.3559,0.9861,0.4120,-0.8959,9.4554,0.0000,236,False
106,4.8237,4.4384,0.8090,0.2297,-0.7757,9.9922,0.0000,234,False
107,4.8276,4.3729,1.1884,1.0471,-0.5621,9.5740,0.0000,235,False
108,4.8320,4.3875,0.8419,0.5729,-0.6170,10.4843,0.0000,242,False
109,4.8045,4.4344,0.4467,0.2928,-0.3374,10.3699,0.0084,239,False
110,4.8197,4.2526,1.6142,1.1599,-1.1226,10.2773,0.0000,230,False
111,4.7937,4.4284,1.0078,0.6569,-0.7644,10.2731,0.0000,229,False
112,4.7771,4.4135,1.1150,0.4284,-1.0295,9.6554,0.0000,233,False
113,4.8046,4.4080,0.9405,0.3185,-0.8849,9.9062,0.0000,232,False
114,4.8493,4.5208,0.6828,0.4773,-0.4883,10.2216,0.0000,238,False
115,4.8035,4.4921,0.4470,0.4338,0.1079,9.4144,0.0000,239,False
116,4.8301,4.4899,0.8989,0.4107,-0.7996,10.3700,0.0000,236,False
117,4.8254,4.3066,1.4371,0.2194,-1.4203,9.7261,0.0000,230,False
118,4.8142,4.4723,1.1877,0.6129,-1.0174,9.3178,0.0000,229,False
119,4.7567,4.2480,1.3798,0.6612,-1.2110,9.9271,0.0000,229,False
120,4.8505,4.4132,1.2057,0.6149,-1.0372,9.7716,0.0000,236,False
121,4.8297,4.3902,0.9699,0.4171,-0.8756,10.3631,0.0000,233,False
122,4.8083,4.4645,0.7291,0.1299,-0.7175,10.0087,0.0005,238,False
123,4.8689,4.2698,1.7946,1.2579,-1.2800,9.0489,0.0000,230,False
124,4.7615,4.3550,0.8235,0.7022,-0.4302,9.6977,0.0004,232,False
125,4.8570,4.2348,1.4221,0.3105,-1.3878,10.4181,0.0000,233,False
126,4.8805,4.4645,0.7548,0.6312,-0.4138,9.9859,0.0050,240,False
127,4.7865,4.3754,0.8909,0.6412,-0.6185,10.0323,0.0000,239,False
128,4.8122,4.2826,1.5465,0.9602,-1.2122,9.7455,0.0000,227,False
129,4.8708,4.4670,1.1281,0.4053,-1.0528,9.9146,0.0000,232,False
130,4.8149,4.3632,1.4124,0.5570,-1.2979,9.7531,0.0000,232,False
131,4.8443,4.3576,1.4306,0.3347,-1.3909,9.6077,0.0000,233,False
132,4.8113,4.4000,1.0717,0.1392,-1.0626,10.1960,0.0000,238,False
133,4.8175,4.2877,1.4776,0.4774,-1.3984,10.0122,0.0006,231,False
134,4.8089,4.3421,1.4328,0.7751,-1.2051,9.2110,0.0000,230,False
135,4.8196,4.3555,0.5526,0.5469,-0.0790,10.2151,0.0027,235,False
136,4.8040,4.4025,1.0361,0.2464,-1.0063,9.9584,0.0000,232,False
137,4.7950,4.1869,1.4295,0.8277,-1.1655,10.7181,0.0073,233,False
138,4.8246,4.5314,0.7085,0.2268,-0.6712,10.5306,0.0000,240,False
139,4.8391,4.3134,1.3450,0.8856,-1.0124,10.0694,0.0000,235,False
140,4.8141,4.4102,0.9961,0.5654,-0.8201,9.6092,0.0000,231,False
141,4.8065,4.3832,1.0191,0.7701,-0.6675,10.1292,0.0000,231,False
142,4.7999,4.3834,0.5878,0.3876,-0.4419,9.6340,0.0000,241,False
143,4.8151,4.2607,1.5687,0.3357,-1.5323,9.6058,0.0000,225,False
144,4.7498,4.1852,1.6028,0.7653,-1.4083,9.3882,0.0000,228,False
145,4.8136,4.3791,0.9998,0.4552,-0.8902,10.3285,0.0000,233,False
146,4.8257,4.4543,1.0380,0.5339,-0.8902,9.6033,0.0000,235,False
147,4.7835,4.2416,1.4590,0.9079,-1.1421,9.6344,0.0000,233,False
148,4.7792,4.3634,0.9481,0.1898,-0.9289,10.1453,0.0036,241,False
149,4.8403,4.4605,1.0578,0.0297,-1.0574,9.6961,0.0000,235,False
150,4.8903,4.4357,1.2669,0.9373,-0.8524,9.5583,0.0000,240,False
151,4.7987,4.2457,1.3468,1.0073,-0.8939,9.6516,0.0000,227,False
152,4.7920,4.2725,1.1603,1.0258,-0.5424,10.2886,0.0000,235,False
153,4.8288,4.3995,1.2548,0.7029,-1.0394,9.3347,0.0031,235,False
154,4.8328,4.2258,1.4498,0.7505,-1.2404,9.9540,0.0095,228,False
155,4.8484,4.4253,1.1904,0.5836,-1.0376,9.8705,0.0000,233,False
156,4.8483,4.4079,0.9858,0.3196,-0.9325,9.8780,0.0000,236,False
157,4.8002,4.2358,1.1753,0.6333,-0.9901,10.3845,0.0000,238,False
158,4.7785,4.4248,0.8752,0.6023,-0.6350,10.1242,0.0098,231,False
159,4.8056,4.3191,0.9545,0.8811,-0.3669,9.4728,0.0000,233,False
160,4.7692,4.3791,1.0705,0.9064,-0.5696,10.2990,0.0000,231,False
161,4.8240,4.4540,0.5555,0.0529,-0.5530,10.0522,0.0000,238,False
162,4.7892,4.3241,1.1397,0.1622,-1.1281,9.6777,0.0000,232,False
163,4.8317,4.5040,0.6045,0.1524,-0.5850,10.4016,0.0000,232,False
164,4.7937,4.4016,0.1654,0.0315,-0.1624,9.9945,0.0049,236,False
165,4.7923,4.4820,0.5095,0.3195,-0.3969,9.8271,0.0000,238,False
166,4.8085,4.3563,1.1099,0.4442,-1.0171,9.9626,0.0000,234,False
167,4.8502,4.4496,0.7917,0.4004,-0.6829,10.2554,0.0000,239,False
168,4.8006,4.2446,1.2050,0.8414,-0.8626,9.7562,0.0000,233,False
169,4.7726,4.4523,0.4268,0.2449,-0.3495,9.7442,0.0000,233,False
170,4.7950,4.3925,1.2133,0.5159,-1.0982,10.0522,0.0000,232,False
171,4.8210,4.4919,0.8921,0.4335,-0.7797,9.4350,0.0000,238,False
172,4.8627,4.6057,0.6234,0.2723,-0.5608,9.9158,0.0000,240,False
173,4.8709,4.3172,1.3489,0.7100,-1.1469,10.1648,0.0000,236,False
174,4.9000,4.2228,1.5030,0.8354,-1.2494,9.5002,0.0000,232,False
175,4.8487,4.4211,0.9705,0.6895,-0.6830,10.0003,0.0000,238,False
176,4.8373,4.2798,1.2588,0.8412,-0.9364,10.1464,0.0000,233,False
177,4.8462,4.4135,1.1016,0.2500,-1.0729,9.7269,0.0037,236,False
178,4.8356,4.4364,0.9516,0.5723,-0.7603,9.8032,0.0000,237,False
179,4.7986,4.3636,1.0178,0.1287,-1.0097,9.8904,0.0000,233,False
180,4.8696,4.4189,0.8665,0.4269,-0.7540,10.0973,0.0000,240,False
181,4.8034,4.3554,1.2919,0.4671,-1.2044,10.5024,0.0000,228,False
182,4.8752,4.4107,1.3212,0.0443,-1.3204,9.9034,0.0000,237,False
183,4.8560,4.5264,0.4269,0.3040,-0.2997,9.8316,0.0000,239,False
184,4.8199,4.3850,1.2304,1.0143,-0.6964,10.1358,0.0000,232,False
185,4.7666,4.3265,1.0377,0.6933,-0.7720,10.1709,0.0000,232,False
186,4.8632,4.3825,1.3760,1.1471,-0.7599,9.6909,0.0000,234,False
187,4.8107,4.3877,1.2387,0.9318,-0.8161,10.3639,0.0000,232,False
188,4.7755,4.3986,0.9263,0.6624,-0.6475,10.1547,0.0000,233,False
189,4.8662,4.3981,0.8939,0.1641,-0.8788,10.7869,0.0000,239,False
190,4.8085,4.4601,0.3648,0.1237,-0.3432,10.4386,0.0030,233,False
191,4.8455,4.4866,0.9949,0.0972,-0.9902,9.4332,0.0000,240,False
192,4.7630,4.3816,0.7950,0.5587,-0.5656,10.2018,0.0079,234,False
193,4.8460,4.4636,1.2423,0.4755,-1.1477,8.9839,0.0000,236,False
194,4.7955,4.2758,1.2979,0.4549,-1.2156,9.7561,0.0027,230,False
195,4.8272,4.3215,1.2392,0.9391,-0.8085,9.8535,0.0000,242,False
196,4.8225,4.4732,0.7032,-0.1496,-0.6871,9.9399,0.0011,238,False
197,4.7852,4.4147,0.8620,0.1850,-0.8419,9.9498,0.0048,234,False
198,4.7817,4.3639,1.1867,0.2616,-1.1575,10.1227,0.0000,234,False
199,4.8494,4.5275,0.4595,0.1426,-0.4368,9.9177,0.0017,240,False
200,4.8365,4.4401,0.9123,0.4360,-0.8014,10.2223,0.0024,238,False
201,4.8659,4.4264,1.0791,0.1247,-1.0718,9.9317,0.0000,235,False
202,4.8405,4.3398,1.1979,0.5600,-1.0589,10.1775,0.0000,234,False
203,4.8075,4.3140,1.0014,0.6986,-0.7175,9.7346,0.0000,235,False
204,4.7964,4.3607,1.0444,0.4437,-0.9455,9.7729,0.0000,234,False
205,4.7971,4.4653,0.8051,0.0668,-0.8023,9.9586,0.0000,239,False
206,4.7900,4.2294,1.1193,0.2336,-1.0946,9.3878,0.0065,240,False
207,4.8322,4.5501,0.2308,0.0429,-0.2268,9.5777,0.0008,243,False
208,4.8168,4.3145,1.2374,0.3986,-1.1714,9.7855,0.0000,230,False
209,4.8322,4.4237,1.0392,0.5779,-0.8637,10.0031,0.0000,237,False
210,4.8458,4.3584,1.1777,0.7772,-0.8848,10.2115,0.0000,232,False
211,4.8117,4.4068,1.1604,0.3163,-1.1164,10.3292,0.0000,231,False
212,4.8196,4.4284,1.1268,0.5139,-1.0027,9.8819,0.0000,234,False
213,4.8401,4.3838,1.2228,0.8828,-0.8461,10.4411,0.0020,230,False
214,4.7860,4.4122,0.8737,0.3896,-0.7820,10.0543,0.0025,233,False
215,4.8062,4.3448,1.3228,0.4988,-1.2252,9.7500,0.0089,231,False
216,4.8239,4.4417,1.0891,0.7051,-0.8300,10.0957,0.0000,229,False
217,4.8022,4.3322,1.3030,0.5150,-1.1970,9.2124,0.0000,230,False
218,4.7776,4.4085,0.9062,0.4737,-0.7725,10.1880,0.0000,233,False
219,4.8700,4.5108,0.7979,0.5395,-0.5878,10.3048,0.0000,235,False
220,4.8285,4.3820,1.2578,0.4831,-1.1613,10.0769,0.0000,234,False
221,4.7988,4.3520,1.0101,0.4003,-0.9274,9.6657,0.0000,240,False
222,4.8183,4.3459,0.7908,-0.1064,-0.7836,10.1180,0.0096,239,False
223,4.8003,4.2701,1.6144,0.4991,-1.5353,9.6908,0.0000,225,False
224,4.8002,4.3383,1.0637,0.8584,-0.6282,10.1971,0.0000,235,False
225,4.8116,4.4802,1.0254,0.6058,-0.8273,10.2487,0.0000,238,False
226,4.8061,4.3753,0.6508,0.3788,-0.5292,10.0092,0.0000,236,False
227,4.7853,4.2182,1.6577,1.3800,-0.9186,9.4678,0.0000,224,False
228,4.8671,4.3954,1.2594,0.4015,-1.1937,9.7517,0.0000,234,False
229,4.8347,4.4531,0.8510,-0.0171,-0.8508,10.1214,0.0024,235,False
230,4.8557,4.4526,0.8524,0.3743,-0.7658,10.2286,0.0000,239,False
231,4.8094,4.3811,1.0766,0.5151,-0.9454,9.2414,0.0000,232,False
232,4.8297,4.3756,1.2531,0.4092,-1.1844,9.7383,0.0000,235,False
233,4.7750,4.3420,1.2919,0.3681,-1.2383,10.0771,0.0000,226,False
234,4.7898,4.4832,0.5796,0.3803,-0.4374,9.6245,0.0000,233,False
235,4.8064,4.3570,1.0681,0.7672,-0.7431,9.8587,0.0099,241,False
236,4.7985,4.5420,0.6610,0.4579,-0.4767,9.5274,0.0000,239,False
237,4.8144,4.3517,1.1629,0.4419,-1.0757,9.6233,0.0000,226,False
238,4.7968,4.2792,1.0697,0.2676,-1.0356,10.2214,0.0000,235,False
239,4.8707,4.4024,0.8240,0.4096,-0.7150,9.9103,0.0000,235,False
240,4.8112,4.4925,0.5350,0.3315,-0.4199,10.3490,0.0023,236,False
241,4.7938,4.3397,1.3250,1.0787,-0.7695,9.4747,0.0036,233,False
242,4.7854,4.4268,0.9378,0.2293,-0.9094,9.6095,0.0012,231,False
243,4.7729,4.4369,0.5918,0.4251,-0.4118,10.4419,0.0000,239,False
244,4.8053,4.2724,1.3717,1.3589,-0.1872,9.9705,0.0000,234,False
245,4.8576,4.4005,1.1228,0.4799,-1.0150,10.2353,0.0000,236,False
246,4.8636,4.4323,1.1457,0.0475,-1.1447,10.0554,0.0016,237,False
247,4.7891,4.3441,1.2506,0.8869,-0.8817,9.9597,0.0000,235,False
248,4.8055,4.3919,0.8646,0.5054,-0.7016,9.2532,0.0000,239,False
249,4.8249,4.4046,0.6171,0.3094,-0.5339,10.1856,0.0000,235,False
250,4.8142,4.3408,1.4344,0.2125,-1.4185,10.1416,0.0000,234,False
251,4.8467,4.4704,0.9056,0.6078,-0.6713,9.6306,0.0000,232,False
252,4.8282,4.2991,1.3068,0.3601,-1.2562,10.2432,0.0000,232,False
253,4.8556,4.4977,0.7880,0.1513,-0.7733,9.8952,0.0000,238,False
254,4.8251,4.3960,0.9854,0.2207,-0.9604,10.7146,0.0000,238,False
255,4.7930,4.4511,0.8410,0.5022,-0.6746,10.1019,0.0000,235,False
256,4.7914,4.3411,0.9141,0.5604,-0.7223,9.7804,0.0000,235,False
257,4.8332,4.3245,1.2773,0.7216,-1.0539,10.2929,0.0000,236,False
258,4.7855,4.3631,0.9676,0.0189,-0.9674,10.3451,0.0000,238,False
259,4.8040,4.2866,1.4387,0.4808,-1.3560,9.3262,0.0000,233,False
260,4.8017,4.3731,1.1899,0.7285,-0.9409,10.5074,0.0000,229,False
261,4.7671,4.4370,0.9380,0.0619,-0.9360,9.7991,0.0000,232,False
262,4.8071,4.4055,1.2467,0.4730,-1.1535,9.9293,0.0002,231,False
263,4.8004,4.3103,1.0439,0.5880,-0.8626,9.3997,0.0000,232,False
264,4.8630,4.3812,1.1414,0.6256,-0.9547,10.1160,0.0000,242,False
265,4.7882,4.3316,1.0725,0.7348,-0.7812,9.4886,0.0000,236,False
266,4.8332,4.3635,1.3061,0.2813,-1.2754,9.7366,0.0020,236,False
267,4.8191,4.2817,1.4331,0.7768,-1.2043,9.9338,0.0000,230,False
268,4.8553,4.3904,1.4107,0.6038,-1.2750,9.4090,0.0000,235,False
269,4.8506,4.4388,1.0224,1.0143,0.1278,10.3375,0.0000,240,False
270,4.7918,4.3886,1.1525,1.0202,-0.5362,10.6039,0.0000,232,False
271,4.8090,4.4791,0.6093,-0.1475,-0.5912,10.1280,0.0000,238,False
272,4.7912,4.4179,0.7632,0.6955,-0.3144,10.1239,0.0000,230,False
273,4.7934,4.4051,0.8915,0.4339,-0.7788,10.0859,0.0000,236,False
274,4.8170,4.4236,1.0230,0.2329,-0.9961,9.8044,0.0002,231,False
275,4.8293,4.4619,1.0308,0.6779,-0.7766,10.0622,0.0000,237,False
276,4.8044,4.2892,1.2205,0.6500,-1.0330,9.5826,0.0013,231,False
277,4.8106,4.4928,0.5779,0.0500,-0.5758,10.4154,0.0000,236,False
278,4.8332,4.4308,1.0348,0.7344,-0.7290,9.5323,0.0048,243,False
279,4.8267,4.3246,1.0911,0.6345,-0.8876,10.0649,0.0000,237,False
280,4.8374,4.3506,1.4273,0.6604,-1.2653,9.5321,0.0000,232,False
281,4.8628,4.3439,1.4339,0.7404,-1.2280,9.2773,0.0000,229,False
282,4.8042,4.4119,0.8224,0.4069,-0.7147,9.9717,0.0000,236,False
283,4.7788,4.2814,1.1510,0.6105,-0.9758,9.6901,0.0000,229,False
284,4.7816,4.4296,0.6535,-0.1527,-0.6354,9.5637,0.0000,236,False
285,4.8286,4.5114,1.1837,0.1413,-1.1752,9.9247,0.0000,234,False
286,4.8290,4.3328,1.2083,0.9068,-0.7985,10.0891,0.0000,231,False
287,4.8097,4.5056,0.7665,0.3109,-0.7006,9.1624,0.0050,229,False
288,4.8530,4.4287,0.8151,0.6606,-0.4774,9.7876,0.0000,238,False
289,4.8329,4.2678,1.4682,0.3705,-1.4207,9.5870,0.0000,230,False
290,4.8649,4.4749,1.1269,0.2009,-1.1088,9.5982,0.0000,241,False
291,4.8269,4.3871,1.1618,0.3614,-1.1041,10.1325,0.0063,236,False
292,4.8401,4.3947,0.4321,-0.2536,-0.3498,10.7529,0.0000,240,False
293,4.8407,4.4528,0.6923,0.3233,-0.6121,9.8074,0.0000,241,False
294,4.7909,4.4325,0.6254,0.4849,-0.3950,10.5392,0.0000,239,False
295,4.8018,4.4115,0.6791,0.3379,-0.5891,9.3994,0.0000,238,False
296,4.8069,4.3956,0.8454,0.5229,-0.6642,10.1809,0.0000,236,False
297,4.8198,4.3337,1.1452,0.5226,-1.0190,9.8511,0.0000,231,False
298,4.8097,4.4190,0.5874,-0.2159,-0.5463,10.1063,0.0000,236,False
299,4.7973,4.1979,1.5956,0.5649,-1.4923,10.1949,0.0000,230,False
300,4.8071,4.3930,0.9085,-0.2367,-0.8772,9.7498,0.0000,235,False
301,4.8288,4.5006,0.6031,0.5227,-0.3009,10.5437,0.0000,240,False
302,4.7801,4.2203,1.4969,0.9193,-1.1813,9.5002,0.0000,226,False
303,4.7945,4.4209,1.2644,0.2865,-1.2315,9.3297,0.0055,233,False
304,4.7740,4.3067,0.8792,0.5062,-0.7189,9.9598,0.0000,232,False
305,4.8045,4.4604,0.5151,-0.1442,-0.4945,10.0326,0.0000,239,False
306,4.8316,4.4966,0.7330,0.0996,-0.7262,10.0991,0.0000,232,False
307,4.8349,4.3216,1.6267,0.8892,-1.3622,9.6223,0.0000,230,False
308,4.8243,4.4172,0.9833,0.6272,-0.7573,10.0577,0.0097,238,False
309,4.8304,4.4639,0.9308,0.3135,-0.8764,9.8396,0.0000,233,False
310,4.8171,4.2591,1.4214,0.5422,-1.3139,9.5333,0.0069,232,False
311,4.8523,4.4313,0.5551,0.3891,-0.3958,10.4631,0.0000,236,False
312,4.7888,4.3029,0.3046,0.1273,-0.2767,10.4473,0.0000,237,False
313,4.7962,4.1981,1.1443,0.2177,-1.1234,10.0199,0.0000,238,False
314,4.7885,4.4141,0.8342,0.6955,-0.4606,10.1699,0.0000,240,False
315,4.8652,4.2778,1.1920,0.4647,-1.0977,9.7943,0.0000,234,False
316,4.8070,4.3643,1.1978,0.3862,-1.1338,9.8944,0.0000,230,False
317,4.8161,4.3511,0.9992,0.4957,-0.8675,9.7969,0.0000,235,False
318,4.8024,4.3864,1.0351,0.6919,-0.7699,9.8865,0.0000,233,False
319,4.8214,4.3218,1.2188,-0.0756,-1.2165,9.8714,0.0000,229,False
320,4.8411,4.2478,1.5377,0.3646,-1.4939,10.1762,0.0000,226,False
321,4.8115,4.2732,1.1857,0.6815,-0.9703,9.9624,0.0000,234,False
322,4.8491,4.2579,1.2250,0.8678,-0.8646,9.8138,0.0000,232,False
323,4.8154,4.2128,1.2071,0.7911,-0.9117,9.9447,0.0000,240,False
324,4.7749,4.3471,1.0253,0.3097,-0.9774,10.3902,0.0052,227,False
325,4.8261,4.4796,0.9029,0.5143,-0.7421,9.7399,0.0057,237,False
326,4.8442,4.4059,1.0945,-0.1810,-1.0794,10.3292,0.0000,235,False
327,4.8672,4.4454,1.3756,0.2970,-1.3431,9.6083,0.0044,230,False
328,4.8147,4.4261,1.0108,0.7653,-0.6603,10.0835,0.0000,234,False
329,4.8402,4.2331,1.4590,0.6604,-1.3010,9.8614,0.0000,232,False
330,4.8174,4.3229,1.2841,0.7354,-1.0527,9.6769,0.0000,232,False
331,4.7402,4.3911,0.4114,-0.0075,-0.4113,10.2676,0.0000,239,False
332,4.8638,4.4920,0.9992,-0.2096,-0.9770,9.7917,0.0000,241,False
333,4.8567,4.3637,1.2783,0.9933,-0.8045,9.3102,0.0000,229,False
334,4.8295,4.4315,0.9534,0.1570,-0.9403,10.3800,0.0000,231,False
335,4.8131,4.5270,0.8468,0.3839,-0.7548,8.9665,0.0000,237,False
336,4.8195,4.4003,0.7656,0.2155,-0.7346,10.4490,0.0000,235,False
337,4.8356,4.4035,1.3114,0.0769,-1.3092,10.2056,0.0017,235,False
338,4.7991,4.3742,0.9203,0.7652,-0.5113,10.1431,0.0000,233,False
339,4.7927,4.4700,0.8913,0.1466,-0.8792,9.3090,0.0000,232,False
340,4.8177,4.3064,1.2274,0.2880,-1.1931,10.4731,0.0000,235,False
341,4.8214,4.4070,0.8049,0.1739,-0.7859,9.7728,0.0082,239,False
342,4.8169,4.3883,0.7662,0.0011,-0.7662,9.7524,0.0000,233,False
343,4.8096,4.4101,0.8262,0.2993,-0.7701,10.2310,0.0000,235,False
344,4.7812,4.3921,0.4112,-0.1263,-0.3913,10.5568,0.0000,241,False
345,4.8267,4.4083,1.3160,0.6982,-1.1155,9.7330,0.0000,232,False
346,4.8608,4.4035,1.2621,0.8015,-0.9749,9.8646,0.0000,239,False
347,4.8712,4.4588,1.1102,-0.2009,-1.0919,9.9332,0.0000,230,False
348,4.8004,4.3898,1.2054,0.2322,-1.1829,9.4321,0.0000,234,False
349,4.8225,4.4789,0.9952,0.6509,-0.7529,9.8386,0.0000,233,False
350,4.7653,4.4359,0.7824,0.1963,-0.7574,9.8444,0.0030,234,False
351,4.8141,4.3251,1.3665,0.6838,-1.1831,9.4899,0.0000,228,False
352,4.7800,4.3099,0.9827,0.3766,-0.9077,9.7865,0.0000,231,False
353,4.7989,4.4698,0.7736,0.0883,-0.7685,9.9632,0.0000,240,False
354,4.8293,4.4955,1.0253,0.1762,-1.0100,10.4508,0.0000,231,False
355,4.7842,4.1571,1.5852,0.9952,-1.2340,9.7962,0.0038,225,False
356,4.7813,4.1564,1.6976,0.8661,-1.4600,9.2473,0.0000,229,False
357,4.8176,4.4210,1.0899,0.2594,-1.0586,10.3106,0.0000,232,False
358,4.8563,4.3662,1.2646,0.2667,-1.2361,9.8763,0.0000,235,False
359,4.8288,4.4687,0.9105,0.9002,-0.1365,9.5955,0.0000,238,False
360,4.8345,4.3520,1.1927,0.4575,-1.1014,9.4005,0.0000,235,False
361,4.7653,4.2864,1.3531,1.1084,-0.7760,9.6306,0.0000,227,False
362,4.8311,4.3501,1.1506,0.7828,-0.8432,10.0100,0.0000,235,False
363,4.7988,4.4528,1.1762,1.0336,-0.5613,9.2270,0.0000,235,False
364,4.8568,4.3779,1.1110,0.6691,-0.8869,10.0931,0.0000,233,False
365,4.8063,4.4072,0.9658,0.6742,-0.6915,9.9068,0.0000,241,False
366,4.8574,4.3953,0.9734,0.5743,-0.7860,9.7528,0.0000,236,False
367,4.8479,4.2425,1.6028,0.6619,-1.4598,9.8317,0.0000,230,False
368,4.8269,4.4934,0.7795,0.5056,-0.5932,9.6646,0.0000,239,False
369,4.7981,4.4892,0.7253,0.2261,-0.6891,10.1542,0.0000,237,False
370,4.7755,4.4137,0.9433,0.1846,-0.9251,10.2745,0.0068,233,False
371,4.8251,4.3890,0.8053,0.3815,-0.7092,9.8432,0.0000,233,False
372,4.7751,4.3203,1.1942,0.7629,-0.9187,10.4897,0.0000,231,False
373,4.8206,4.4458,0.9169,0.7335,-0.5503,9.7371,0.0000,235,False
374,4.8183,4.4134,1.1075,0.3057,-1.0645,10.0970,0.0000,232,False
375,4.8293,4.3192,1.0260,0.2335,-0.9991,10.3268,0.0000,241,False
376,4.8278,4.4316,1.1255,0.2045,-1.1068,10.1539,0.0000,237,False
377,4.7879,4.2661,1.4298,0.7484,-1.2183,10.1043,0.0050,231,False
378,4.8298,4.3403,1.2332,0.6280,-1.0613,9.7349,0.0014,232,False
379,4.8841,4.5100,1.2236,0.6929,-1.0085,9.6147,0.0000,237,False
380,4.8506,4.3317,1.2243,0.3404,-1.1760,10.0739,0.0000,238,False
381,4.8156,4.4267,0.8504,0.2595,-0.8098,9.5671,0.0030,241,False
382,4.7684,4.3754,0.9112,0.4530,-0.7906,10.2737,0.0031,230,False
383,4.8479,4.4787,0.7878,0.2293,-0.7537,9.6807,0.0000,237,False
384,4.8004,4.3990,0.8713,0.2932,-0.8205,10.1280,0.0000,237,False
385,4.8578,4.3769,0.7615,0.4897,-0.5832,10.2649,0.0043,241,False
386,4.7821,4.4023,0.8092,0.3119,-0.7467,10.0608,0.0000,230,False
387,4.7843,4.3339,1.2480,0.4084,-1.1793,10.0488,0.0000,235,False
388,4.7863,4.3216,1.2819,0.5136,-1.1745,9.8987,0.0061,231,False
389,4.8280,4.2447,1.5253,0.7426,-1.3324,10.3173,0.0000,234,False
390,4.7939,4.2470,1.3862,0.7221,-1.1833,9.4975,0.0000,234,False
391,4.8503,4.3007,1.2491,0.6715,-1.0533,9.7864,0.0000,238,False
392,4.8819,4.6112,0.7339,0.1732,-0.7131,9.8134,0.0084,241,False
393,4.7621,4.1857,1.1707,0.4032,-1.0991,10.3670,0.0000,231,False
394,4.7962,4.4395,0.5355,0.1394,-0.5170,10.2785,0.0075,240,False
395,4.8170,4.4691,1.2092,0.7459,-0.9518,10.0182,0.0000,230,False
396,4.8089,4.4480,0.5789,0.3179,-0.4838,10.2336,0.0000,238,False
397,4.8136,4.5294,0.8412,0.3318,-0.7730,9.9150,0.0000,231,False
398,4.7809,4.3809,0.6606,-0.0145,-0.6605,10.2970,0.0000,233,False
399,4.7905,4.4352,0.8176,0.6637,-0.4775,10.2734,0.0000,237,False
400,4.8404,4.3947,1.3821,0.7789,-1.1418,9.7995,0.0000,241,False
401,4.8279,4.2845,1.3831,0.9303,-1.0235,9.5421,0.0000,233,False
402,4.8313,4.4359,0.6510,0.4849,-0.4343,10.3311,0.0000,241,False
403,4.8430,4.4098,0.8892,0.3999,-0.7942,10.4357,0.0000,237,False
404,4.8472,4.3466,1.1834,0.5407,-1.0526,10.0440,0.0000,230,False
405,4.7810,4.4260,1.0346,0.5907,-0.8494,10.1755,0.0000,232,False
406,4.8482,4.3537,0.8546,0.3698,-0.7705,9.7413,0.0000,238,False
407,4.7948,4.2817,1.2933,0.2990,-1.2582,10.0106,0.0000,232,False
408,4.8775,4.4023,0.6740,0.3182,-0.5941,9.8791,0.0000,238,False
409,4.8588,4.4231,1.1231,0.2365,-1.0979,9.0797,0.0000,237,False
410,4.8212,4.2253,1.5746,0.1349,-1.5689,9.4724,0.0000,229,False
411,4.7995,4.4481,0.9247,0.3394,-0.8602,9.6703,0.0000,230,False
412,4.8560,4.3816,1.2672,0.8185,-0.9674,10.0287,0.0000,232,False
413,4.8295,4.4414,1.1468,0.7561,-0.8623,9.9713,0.0000,234,False
414,4.8535,4.3424,1.0583,0.6815,-0.8097,10.1241,0.0016,237,False
415,4.8346,4.2669,1.6038,1.3011,-0.9378,9.6262,0.0006,231,False
416,4.8132,4.3714,1.1488,0.2441,-1.1225,9.7055,0.0000,235,False
417,4.8060,4.3404,1.1768,0.9069,-0.7500,10.1478,0.0000,233,False
418,4.8395,4.3854,1.3083,0.5233,-1.1991,9.4492,0.0000,232,False
419,4.8307,4.1848,1.3301,0.5288,-1.2205,10.0174,0.0000,235,False
420,4.7498,4.3627,0.7992,0.3377,-0.7243,9.7536,0.0070,237,False
421,4.8284,4.4241,0.3483,0.3135,-0.1518,10.2859,0.0000,238,False
422,4.8517,4.3694,1.4600,1.0631,-1.0008,9.3979,0.0000,229,False
423,4.8183,4.4102,0.9966,0.6820,-0.7267,9.6120,0.0050,230,False
424,4.7674,4.3624,1.1220,0.4309,-1.0359,9.6499,0.0000,234,False
425,4.8650,4.4064,0.9295,0.2661,-0.8906,10.3202,0.0000,238,False
426,4.8168,4.3278,0.9693,0.6537,-0.7156,10.3967,0.0000,237,False
427,4.8035,4.4238,1.1527,0.6194,-0.9721,9.3006,0.0000,229,False
428,4.8331,4.3867,1.1679,0.0986,-1.1637,9.8740,0.0000,230,False
429,4.8302,4.4475,1.2013,0.4605,-1.1095,9.5963,0.0000,232,False
430,4.8659,4.4609,0.8131,0.2210,-0.7824,9.5103,0.0000,238,False
431,4.8092,4.2467,1.1743,0.5799,-1.0211,10.2702,0.0000,230,False
432,4.7950,4.3872,0.7524,0.1922,-0.7274,10.1429,0.0000,238,False
433,4.7671,4.3363,0.9889,0.6103,-0.7781,10.3798,0.0000,237,False
434,4.8634,4.4659,0.7085,0.5127,-0.4890,10.5299,0.0000,245,False
435,4.8109,4.3845,0.7884,0.5358,-0.5783,9.7773,0.0012,243,False
436,4.8724,4.3384,1.3670,0.9533,-0.9798,9.9559,0.0000,237,False
437,4.8260,4.3756,1.0824,0.9262,-0.5601,9.7995,0.0000,235,False
438,4.8044,4.4471,0.7184,0.2944,-0.6553,10.2157,0.0068,231,False
439,4.8211,4.5828,0.3939,0.1303,-0.3718,9.1969,0.0015,235,False
440,4.8606,4.5362,1.1001,0.6826,-0.8628,10.3127,0.0000,229,False
441,4.7917,4.2912,1.3835,0.8983,-1.0521,9.6981,0.0000,230,False
442,4.7669,4.4439,0.9633,-0.0371,-0.9626,9.9731,0.0000,233,False
443,4.8416,4.3301,1.2275,0.9945,-0.7195,10.2108,0.0000,234,False
444,4.7996,4.4427,0.6280,0.4619,-0.4255,10.2203,0.0007,240,False
445,4.7565,4.3469,1.2368,0.0586,-1.2354,10.2553,0.0000,231,False
446,4.7769,4.2035,1.2830,0.2338,-1.2615,10.2543,0.0000,232,False
447,4.8007,4.2755,1.4824,0.9259,-1.1576,10.1461,0.0067,230,False
448,4.8579,4.3380,0.9656,0.8035,-0.5355,9.4117,0.0000,239,False
449,4.7840,4.4749,0.2169,0.1423,-0.1637,10.0034,0.0000,236,False
450,4.7927,4.3583,1.0255,0.3774,-0.9535,10.3577,0.0000,237,False
451,4.8256,4.3986,1.1153,0.4896,-1.0022,9.6497,0.0000,236,False
452,4.8477,4.3702,1.1533,0.3992,-1.0820,9.9952,0.0000,234,False
453,4.8588,4.3870,1.2724,0.4220,-1.2004,9.6889,0.0000,235,False
454,4.8212,4.3543,1.5181,0.5281,-1.4233,9.7969,0.0039,226,False
455,4.7893,4.2764,1.0850,0.7260,-0.8063,10.4474,0.0093,232,False
456,4.8548,4.4776,0.7900,0.3319,-0.7169,9.8561,0.0087,236,False
457,4.7785,4.2332,1.3715,0.7678,-1.1365,10.0483,0.0080,226,False
458,4.7893,4.4262,0.9822,0.8177,-0.5440,9.8948,0.0000,235,False
459,4.8459,4.4713,0.5815,0.4351,-0.3858,10.0765,0.0000,239,False
460,4.8208,4.4207,1.1300,0.7091,-0.8798,9.7927,0.0048,237,False
461,4.8137,4.3672,1.2510,0.7285,-1.0170,9.5890,0.0031,238,False
462,4.8017,4.2336,1.4313,0.2453,-1.4102,10.2906,0.0000,227,False
463,4.7996,4.2500,1.4355,0.5236,-1.3365,10.0176,0.0000,231,False
464,4.8436,4.4011,1.1989,0.2013,-1.1819,9.8482,0.0052,233,False
465,4.7826,4.3790,0.9794,0.6022,-0.7724,10.3552,0.0000,233,False
466,4.8156,4.4590,0.8734,0.6708,-0.5593,9.6625,0.0000,240,False
467,4.8524,4.4160,1.1484,0.3498,-1.0938,9.1226,0.0000,235,False
468,4.8084,4.3324,1.3286,0.4436,-1.2523,9.8183,0.0003,232,False
469,4.7950,4.3387,0.8054,-0.0640,-0.8029,10.6732,0.0000,238,False
470,4.8290,4.4020,1.0859,0.2576,-1.0549,9.8990,0.0000,232,False
471,4.7721,4.3199,0.6989,0.2711,-0.6441,9.9924,0.0000,235,False
472,4.8450,4.2522,1.3729,0.8987,-1.0378,10.2080,0.0016,233,False
473,4.8133,4.4367,1.1978,0.9143,-0.7738,9.8371,0.0000,236,False
474,4.8015,4.3858,0.5644,0.5350,-0.1798,9.9983,0.0000,235,False
475,4.8037,4.3262,0.9051,0.3685,-0.8267,9.7985,0.0015,236,False
476,4.8296,4.4277,0.9439,0.5745,-0.7490,10.0635,0.0000,235,False
477,4.7956,4.4214,0.9276,0.6679,-0.6438,9.3341,0.0000,237,False
478,4.7860,4.4423,0.9450,0.3486,-0.8783,9.2430,0.0000,235,False
479,4.8601,4.5799,0.5148,0.1673,-0.4868,10.2843,0.0000,236,False
480,4.8406,4.2645,1.2749,0.9108,-0.8920,10.4023,0.0000,238,False
481,4.8096,4.4038,1.0421,0.8738,-0.5677,10.4271,0.0000,230,False
482,4.8059,4.3938,1.0399,0.4120,-0.9547,10.1524,0.0000,234,False
483,4.7898,4.3088,1.0443,0.6916,-0.7824,10.7553,0.0000,235,False
484,4.8222,4.4237,1.1242,0.6873,-0.8897,10.0363,0.0000,233,False
485,4.7943,4.3820,1.2705,0.7498,-1.0257,9.8037,0.0000,225,False
486,4.8366,4.4485,1.1673,1.0115,-0.5826,9.4059,0.0000,235,False
487,4.7866,4.3954,0.8462,0.4262,-0.7311,10.3849,0.0000,232,False
488,4.7931,4.2750,1.2561,0.3356,-1.2104,10.0230,0.0069,235,False
489,4.8546,4.3339,1.3633,0.8721,-1.0479,10.2392,0.0000,236,False
490,4.7867,4.3898,0.9047,0.7115,-0.5588,10.1443,0.0000,240,False
491,4.7991,4.4698,0.6146,-0.1702,-0.5906,9.8088,0.0000,239,False
492,4.7985,4.3917,0.5311,0.0294,-0.5303,10.6804,0.0000,237,False
493,4.7932,4.4751,0.3038,-0.1588,-0.2590,10.4190,0.0000,238,False
494,4.8461,4.6147,0.5916,0.4621,-0.3693,10.1415,0.0000,242,False
495,4.8266,4.4652,0.9950,0.3406,-0.9349,9.8818,0.0000,240,False
496,4.8217,4.4585,0.9946,0.6918,-0.7147,9.8237,0.0011,238,False
497,4.8508,4.3775,1.0629,0.9433,-0.4899,9.7939,0.0000,235,False
498,4.8501,4.4685,0.6199,0.5915,-0.1854,10.2529,0.0000,242,False
499,4.8057,4.3394,0.8909,0.4302,-0.7802,10.5241,0.0000,237,False
500,4.8194,4.3951,0.8913,0.6144,-0.6457,9.8117,0.0000,236,False
501,4.8032,4.4142,1.0888,0.8244,-0.7111,9.9510,0.0000,235,False
502,4.8230,4.4111,1.2366,0.6451,-1.0550,9.1523,0.0000,229,False
503,4.7771,4.4787,0.8524,-0.0074,-0.8524,9.6679,0.0000,234,False
504,4.8177,4.3465,1.3850,0.3694,-1.3348,9.6349,0.0000,226,False
505,4.7922,4.3515,1.2012,0.6501,-1.0101,10.2819,0.0048,229,False
506,4.7948,4.4620,0.8543,0.3997,-0.7551,9.7993,0.0000,231,False
507,4.8463,4.3860,1.2859,0.6060,-1.1341,10.0117,0.0000,236,False
508,4.7799,4.3366,1.0717,0.1989,-1.0531,9.8034,0.0000,232,False
509,4.8376,4.5375,0.8882,0.5279,-0.7143,10.3257,0.0000,234,False
510,4.7929,4.3334,1.0592,0.6735,-0.8175,9.7706,0.0000,231,False
511,4.8844,4.4300,1.1123,0.7719,-0.8009,10.1937,0.0000,236,False
512,4.8197,4.3764,0.7292,0.4300,-0.5889,10.0853,0.0000,236,False
513,4.8050,4.4247,1.1247,0.2886,-1.0871,9.7575,0.0000,230,False
514,4.8361,4.3207,0.9987,0.6502,-0.7580,9.8358,0.0040,238,False
515,4.8146,4.3218,0.9020,0.5996,-0.6739,10.4568,0.0000,237,False
516,4.8523,4.2632,1.0832,0.9713,-0.4795,10.4369,0.0000,239,False
517,4.7864,4.3530,1.4156,0.4886,-1.3286,10.1732,0.0000,228,False
518,4.8008,4.3783,1.3038,0.6777,-1.1138,9.6791,0.0000,232,False
519,4.7859,4.3790,1.0195,0.4368,-0.9212,10.2707,0.0000,231,False
520,4.8102,4.3788,1.2703,0.3728,-1.2143,9.6932,0.0000,230,False
521,4.8459,4.3303,1.3919,0.5023,-1.2981,9.8395,0.0000,230,False
522,4.8148,4.4990,0.7698,0.3658,-0.6773,9.9270,0.0045,238,False
523,4.8265,4.3878,0.9883,0.1339,-0.9792,9.6381,0.0000,231,False
524,4.8132,4.4705,1.1065,0.5289,-0.9719,9.8351,0.0000,233,False
525,4.8176,4.3978,1.1784,0.5447,-1.0449,10.2396,0.0000,231,False
526,4.7979,4.3345,1.3104,0.4221,-1.2405,10.0208,0.0028,232,False
527,4.7973,4.5914,0.2000,0.0381,-0.1964,9.9434,0.0000,234,False
528,4.8211,4.2890,1.5352,0.1046,-1.5317,9.8542,0.0000,235,False
529,4.8418,4.3381,1.0866,0.0752,-1.0840,10.4644,0.0000,236,False
530,4.7600,4.1570,1.7537,0.9848,-1.4510,9.2686,0.0000,224,False
531,4.7852,4.2608,0.7861,0.7768,-0.1206,10.3370,0.0046,238,False
532,4.8298,4.2919,1.0345,0.9810,-0.3283,9.6545,0.0002,236,False
533,4.8665,4.4707,1.1806,0.7353,-0.9237,9.6415,0.0000,234,False
534,4.8131,4.4952,0.8684,-0.0263,-0.8680,10.0739,0.0006,234,False
535,4.8229,4.3880,1.1656,-0.3202,-1.1208,9.7541,0.0000,232,False
536,4.8426,4.2773,1.2859,0.1566,-1.2763,9.7374,0.0000,230,False
537,4.8122,4.2458,1.3696,0.0861,-1.3668,9.7043,0.0000,233,False
538,4.8785,4.3720,1.2218,0.8577,-0.8702,9.8118,0.0000,236,False
539,4.8389,4.4530,1.0858,0.1606,-1.0739,9.5089,0.0000,232,False
540,4.8043,4.3537,0.9161,0.5937,-0.6977,9.8280,0.0065,234,False
541,4.8302,4.3950,1.1189,0.5810,-0.9562,10.3157,0.0000,231,False
542,4.8213,4.5040,0.9182,0.0784,-0.9148,9.9359,0.0000,236,False
543,4.7801,4.3472,0.6194,0.3771,-0.4913,10.2700,0.0000,235,False
544,4.8335,4.4818,1.0153,0.5253,-0.8689,9.4072,0.0089,234,False
545,4.8305,4.3366,1.3302,0.7458,-1.1015,9.8464,0.0000,232,False
546,4.8455,4.3003,1.4112,0.8321,-1.1398,9.7665,0.0000,236,False
547,4.8157,4.5185,0.6730,0.3282,-0.5876,9.4422,0.0000,235,False
548,4.8339,4.3538,1.1669,0.4791,-1.0640,9.8360,0.0000,241,False
549,4.8316,4.4153,1.2451,0.2712,-1.2151,9.7820,0.0000,235,False
550,4.8634,4.3564,0.9395,0.5464,-0.7642,10.1538,0.0000,236,False
551,4.8091,4.3393,0.7268,0.4255,-0.5893,10.2386,0.0000,237,False
552,4.8862,4.3873,0.9883,0.9037,-0.4001,9.9250,0.0000,243,False
553,4.8433,4.4874,0.9159,-0.0065,-0.9159,9.6304,0.0000,236,False
554,4.8496,4.3833,0.7829,0.3327,-0.7087,10.4375,0.0000,234,False
555,4.8345,4.5135,0.8607,0.2666,-0.8183,9.8053,0.0000,237,False
556,4.7874,4.3544,1.0588,0.6595,-0.8284,9.1163,0.0043,232,False
557,4.8094,4.2384,0.9824,0.1096,-0.9762,10.2673,0.0000,236,False
558,4.8185,4.3688,1.0404,0.3225,-0.9891,9.4584,0.0000,234,False
559,4.8042,4.3627,0.8735,0.4432,-0.7527,10.4203,0.0000,233,False
560,4.8207,4.5460,0.6980,-0.2220,-0.6618,9.9523,0.0000,237,False
561,4.8189,4.3603,1.2907,0.7181,-1.0725,10.3583,0.0000,236,False
562,4.7657,4.3269,0.7684,0.6315,-0.4378,9.8263,0.0000,235,False
563,4.7932,4.2640,1.2234,0.8865,-0.8431,10.1273,0.0063,227,False
564,4.8299,4.4746,0.9264,0.2665,-0.8872,10.0906,0.0000,240,False
565,4.7673,4.3128,1.4686,0.4028,-1.4123,10.0065,0.0051,225,False
566,4.8740,4.5819,0.4911,0.0452,-0.4890,10.2657,0.0000,242,False
567,4.8119,4.3199,1.2637,-0.0315,-1.2633,10.1587,0.0000,233,False
568,4.8683,4.5802,0.7407,0.5242,-0.5232,9.6380,0.0000,237,False
569,4.7981,4.2438,1.5736,0.6857,-1.4163,9.7854,0.0000,227,False
570,4.8191,4.2545,1.3891,0.5650,-1.2690,9.7784,0.0000,226,False
571,4.7918,4.4591,0.9456,0.5694,-0.7549,10.2437,0.0000,230,False
572,4.8464,4.2872,1.2821,0.4116,-1.2142,9.7867,0.0000,232,False
573,4.8399,4.5168,0.6806,0.3676,-0.5728,10.0625,0.0000,233,False
574,4.8840,4.5177,1.1190,0.8440,-0.7347,9.7197,0.0000,239,False
575,4.8316,4.5180,0.8034,0.6147,-0.5174,9.6701,0.0000,234,False
576,4.8595,4.4876,0.9353,0.6591,-0.6635,10.0981,0.0000,242,False
577,4.7624,4.2924,1.2975,0.0921,-1.2942,9.6345,0.0000,235,False
578,4.8733,4.5440,0.7342,0.4233,-0.5999,9.5409,0.0000,238,False
579,4.7698,4.5177,0.6496,0.2618,-0.5945,9.8749,0.0000,236,False
580,4.8273,4.4247,0.0288,-0.0279,-0.0071,10.0531,0.0000,244,False
581,4.8141,4.4576,1.1310,0.5462,-0.9904,9.9941,0.0000,229,False
582,4.7958,4.4064,0.8634,0.3798,-0.7754,9.8718,0.0000,239,False
583,4.8457,4.5031,0.8595,0.0339,-0.8588,10.0674,0.0000,242,False
584,4.8293,4.5046,1.0655,0.1017,-1.0607,9.1775,0.0000,235,False
585,4.7936,4.3567,0.6324,0.5770,-0.2589,10.4888,0.0000,236,False
586,4.7942,4.4014,1.0961,0.6479,-0.8842,9.5208,0.0000,235,False
587,4.8386,4.3780,1.3115,1.0047,-0.8431,9.8829,0.0047,235,False
588,4.7844,4.2769,1.1023,0.8687,-0.6785,10.1820,0.0000,234,False
589,4.8050,4.3535,0.9477,0.6369,-0.7017,9.7654,0.0000,231,False
590,4.7669,4.3255,1.0461,0.5835,-0.8683,10.0973,0.0000,236,False
591,4.8156,4.3704,1.1757,0.6389,-0.9870,10.0887,0.0000,234,False
592,4.7883,4.3026,0.9611,0.2348,-0.9320,10.2347,0.0000,233,False
593,4.8536,4.4251,0.6157,0.6112,0.0741,10.4945,0.0000,238,False
594,4.8305,4.3835,1.0950,0.2251,-1.0716,9.9739,0.0041,231,False
595,4.8553,4.4263,0.5909,0.3701,-0.4606,10.5031,0.0043,242,False
596,4.8225,4.4638,0.7634,0.4048,-0.6473,9.7358,0.0000,237,False
597,4.8448,4.4705,0.4797,-0.0972,-0.4698,10.3369,0.0000,243,False
598,4.8422,4.5148,0.7668,0.3295,-0.6924,10.1763,0.0083,235,False
599,4.8446,4.4232,1.0256,0.5590,-0.8599,10.1419,0.0095,240,False
600,4.8009,4.3698,0.9883,0.9461,-0.2856,9.5609,0.0000,239,False
601,4.8266,4.4114,0.7835,0.0404,-0.7825,10.1119,0.0000,233,False
602,4.8201,4.3617,0.8241,0.3812,-0.7307,10.2752,0.0000,232,False
603,4.7889,4.3707,0.2328,0.2258,-0.0568,10.3321,0.0000,238,False
604,4.8225,4.4347,0.7899,0.7877,-0.0582,9.8574,0.0000,238,False
605,4.7790,4.5361,0.5271,0.0105,-0.5270,9.9099,0.0000,240,False
606,4.8405,4.4799,0.7683,0.4341,-0.6339,10.3126,0.0000,238,False
607,4.8370,4.4159,1.4209,1.0030,-1.0065,10.0719,0.0093,228,False
608,4.8392,4.5145,0.7824,0.5179,-0.5864,10.0863,0.0000,239,False
609,4.8208,4.3298,1.0845,0.8587,-0.6624,9.4115,0.0000,234,False
610,4.8011,4.3992,1.2517,0.7755,-0.9826,9.4752,0.0000,228,False
611,4.8408,4.4602,0.4813,0.4263,-0.2233,9.8923,0.0000,246,False
612,4.8225,4.4481,0.2165,0.2152,-0.0240,10.3016,0.0000,239,False
613,4.8244,4.3023,1.4753,0.2322,-1.4569,10.5479,0.0000,233,False
614,4.8155,4.3348,1.4073,0.7209,-1.2087,9.7479,0.0005,229,False
615,4.8151,4.3689,0.7412,0.1781,-0.7195,10.1731,0.0000,235,False
616,4.8263,4.3425,1.1942,0.7095,-0.9606,10.2044,0.0000,231,False
617,4.7703,4.3837,0.6127,0.4211,-0.4450,9.8033,0.0074,241,False
618,4.7647,4.3383,1.2118,1.0226,-0.6502,9.8481,0.0057,231,False
619,4.8041,4.3200,1.0933,0.3889,-1.0218,10.0954,0.0000,234,False
620,4.8711,4.4890,0.9343,0.5083,-0.7840,9.5500,0.0000,236,False
621,4.8314,4.4527,0.6564,0.1753,-0.6325,9.9050,0.0000,236,False
622,4.8288,4.3941,1.1026,0.6493,-0.8911,9.5629,0.0066,237,False
623,4.7902,4.3916,0.2236,0.0383,-0.2203,10.1809,0.0000,238,False
624,4.8155,4.4611,1.0452,0.6590,-0.8113,9.7012,0.0000,238,False
625,4.7721,4.3961,0.8285,0.7177,-0.4139,9.9814,0.0000,235,False
626,4.7583,4.4123,0.5465,0.3214,-0.4420,10.6423,0.0000,238,False
627,4.7951,4.2531,1.3366,0.5434,-1.2212,10.5586,0.0000,229,False
628,4.8602,4.3095,1.4272,1.3695,-0.4018,10.2590,0.0000,242,False
629,4.7904,4.3125,1.0889,0.5028,-0.9659,9.5183,0.0000,233,False
630,4.8513,4.3061,1.6011,0.5098,-1.5178,9.3782,0.0000,227,False
631,4.8384,4.3427,1.2216,0.6206,-1.0523,10.0900,0.0006,232,False
632,4.8088,4.3582,1.4896,1.0466,-1.0600,9.4622,0.0000,228,False
633,4.7771,4.3378,1.0289,0.4413,-0.9294,10.3840,0.0000,234,False
634,4.8184,4.3530,0.7840,0.5736,-0.5344,9.8382,0.0000,238,False
635,4.8174,4.2589,1.4677,0.5079,-1.3770,9.9347,0.0000,231,False
636,4.7999,4.4175,0.7130,0.1555,-0.6959,9.8295,0.0000,238,False
637,4.8277,4.4025,1.2282,0.8706,-0.8664,9.6814,0.0000,230,False
638,4.7955,4.4501,1.1095,0.1117,-1.1038,9.6143,0.0000,231,False
639,4.8176,4.5045,0.9243,0.3586,-0.8518,10.0223,0.0000,235,False
640,4.8093,4.3669,0.9583,0.7318,-0.6187,10.5674,0.0095,230,False
641,4.8309,4.4013,1.0020,0.4155,-0.9118,10.1982,0.0000,234,False
642,4.8221,4.3688,1.2000,0.4837,-1.0982,9.5536,0.0000,229,False
643,4.8080,4.4617,0.9364,0.1214,-0.9285,10.6249,0.0000,232,False
644,4.8019,4.4870,0.6313,0.0985,-0.6235,9.9751,0.0037,236,False
645,4.8110,4.3835,1.3013,0.4970,-1.2026,9.8283,0.0061,229,False
646,4.8645,4.4433,1.1437,0.7329,-0.8780,10.3689,0.0000,238,False
647,4.8405,4.3959,1.2468,-0.0406,-1.2461,9.5587,0.0000,234,False
648,4.8491,4.4321,0.9086,0.2408,-0.8762,10.2059,0.0000,240,False
649,4.8790,4.2944,1.1320,0.2598,-1.1018,10.0564,0.0000,239,False
650,4.7912,4.3121,1.4203,0.8085,-1.1677,9.9348,0.0000,223,False
651,4.8701,4.6018,0.5805,0.4637,-0.3493,9.0097,0.0049,236,False
652,4.8396,4.4869,0.9592,0.6869,-0.6694,10.2453,0.0000,241,False
653,4.8232,4.3065,1.4690,0.8795,-1.1767,9.8429,0.0000,229,False
654,4.7815,4.3830,0.9313,0.5973,-0.7146,10.0452,0.0000,231,False
655,4.8327,4.3355,1.0972,0.5182,-0.9671,10.2476,0.0017,233,False
656,4.8223,4.3217,0.8851,0.0256,-0.8847,9.8858,0.0000,234,False
657,4.8315,4.3516,1.3208,1.0863,-0.7513,9.5533,0.0000,234,False
658,4.7945,4.4201,0.7435,-0.0057,-0.7435,10.4846,0.0041,236,False
659,4.8091,4.3453,1.2029,1.0778,-0.5341,10.2754,0.0026,236,False
660,4.7795,4.1736,1.5793,0.4689,-1.5081,10.0601,0.0000,228,False
661,4.7772,4.3801,0.3877,-0.3136,-0.2279,10.1852,0.0000,238,False
662,4.8567,4.3472,0.9080,0.3491,-0.8383,9.9361,0.0000,242,False
663,4.8633,4.4681,0.9989,0.6895,-0.7227,9.5225,0.0000,238,False
664,4.8153,4.4294,1.1402,0.4603,-1.0431,9.8599,0.0000,235,False
665,4.8336,4.4670,0.6294,0.3868,-0.4965,9.7302,0.0000,240,False
666,4.8010,4.2433,1.0514,0.4192,-0.9642,9.9339,0.0000,236,False
667,4.7938,4.3843,0.8956,0.1805,-0.8772,10.5536,0.0000,238,False
668,4.8126,4.3757,0.7962,0.6689,-0.4319,9.6117,0.0000,234,False
669,4.8385,4.2391,1.7751,0.7472,-1.6102,9.0954,0.0000,227,False
670,4.7716,4.2572,1.5547,1.0379,-1.1575,9.8702,0.0000,225,False
671,4.7763,4.3321,0.9949,0.5655,-0.8186,10.0326,0.0000,233,False
672,4.8100,4.3460,1.3117,0.9328,-0.9222,9.2608,0.0076,236,False
673,4.8221,4.4454,1.0730,0.7098,-0.8047,10.5861,0.0063,233,False
674,4.8115,4.4167,1.1627,0.1331,-1.1550,10.2401,0.0000,231,False
675,4.8241,4.2966,1.1571,0.3187,-1.1123,9.8915,0.0000,232,False
676,4.7935,4.2871,1.4456,0.3772,-1.3956,10.5957,0.0000,230,False
677,4.7682,4.3675,1.0695,0.7045,-0.8046,10.1926,0.0000,231,False
678,4.8343,4.3998,1.1323,0.2449,-1.1055,9.9763,0.0000,231,False
679,4.8329,4.3751,0.4675,0.1763,-0.4329,9.8046,0.0088,238,False
680,4.8414,4.4299,0.6048,0.4135,-0.4414,9.9868,0.0029,246,False
681,4.8268,4.3783,1.3656,0.0796,-1.3633,10.0157,0.0000,225,False
682,4.8314,4.4763,1.1324,-0.0673,-1.1304,9.3194,0.0000,229,False
683,4.8508,4.4281,0.8185,0.4120,-0.7073,10.2082,0.0000,244,False
684,4.8189,4.4667,0.5054,0.3588,-0.3560,9.8004,0.0000,239,False
685,4.8463,4.3733,1.4891,0.6081,-1.3592,9.5627,0.0088,229,False
686,4.8484,4.4593,1.0245,0.8526,-0.5681,10.6538,0.0000,234,False
687,4.8093,4.3670,1.3051,0.7060,-1.0977,9.7505,0.0000,227,False
688,4.7962,4.3307,1.3876,0.7544,-1.1647,9.9437,0.0000,227,False
689,4.8082,4.2876,1.2584,0.1386,-1.2508,9.8662,0.0000,238,False
690,4.8293,4.4364,0.9745,0.3199,-0.9205,9.5782,0.0000,234,False
691,4.8649,4.4780,0.6962,0.3284,-0.6139,9.8682,0.0000,234,False
692,4.7701,4.3189,1.3361,0.7346,-1.1160,10.1221,0.0000,231,False
693,4.8125,4.4659,0.6472,0.3424,-0.5492,10.3888,0.0000,236,False
694,4.8632,4.4987,0.8709,0.1458,-0.8586,10.3207,0.0000,236,False
695,4.7397,4.3514,1.0215,0.0909,-1.0174,10.0874,0.0011,230,False
696,4.8079,4.4021,1.0626,0.3427,-1.0059,9.7909,0.0000,232,False
697,4.8298,4.3103,1.2609,0.5824,-1.1183,9.6995,0.0000,233,False
698,4.7234,4.3439,1.1319,1.0182,-0.4943,10.1566,0.0000,233,False
699,4.8659,4.4751,1.1736,0.1986,-1.1567,9.7311,0.0000,233,False
700,4.8190,4.4159,1.1612,0.3755,-1.0988,9.8124,0.0000,232,False
701,4.7754,4.4088,1.1897,0.1707,-1.1773,9.8729,0.0000,229,False
702,4.8874,4.4053,1.0017,0.6760,-0.7393,9.6870,0.0000,236,False
703,4.8312,4.4252,0.9658,0.3830,-0.8866,9.9283,0.0079,232,False
704,4.8157,4.3806,0.9846,0.8988,-0.4020,10.3264,0.0000,239,False
705,4.8726,4.3774,1.2682,1.0166,-0.7582,9.4883,0.0000,236,False
706,4.7583,4.3337,1.2195,0.6030,-1.0600,9.6303,0.0000,233,False
707,4.8466,4.4103,1.2230,0.9609,-0.7566,9.4383,0.0000,241,False
708,4.8251,4.3111,1.2159,0.7467,-0.9597,9.6241,0.0000,235,False
709,4.8560,4.5552,0.5864,0.0917,-0.5791,10.4760,0.0000,237,False
710,4.8458,4.2452,1.7287,1.1225,-1.3146,9.6022,0.0000,228,False
711,4.8730,4.3784,1.6553,0.7210,-1.4900,9.4469,0.0000,229,False
712,4.8231,4.3414,1.3383,0.5798,-1.2061,9.8031,0.0000,238,False
713,4.8458,4.4952,0.9856,0.6684,-0.7243,9.8595,0.0000,234,False
714,4.8254,4.4949,0.9695,0.3398,-0.9081,10.0039,0.0000,235,False
715,4.8071,4.3692,0.9128,0.4863,-0.7724,10.0346,0.0000,232,False
716,4.8230,4.3652,1.0191,0.8140,-0.6131,10.0305,0.0000,237,False
717,4.8029,4.4352,0.7067,0.2052,-0.6763,9.4960,0.0000,233,False
718,4.8508,4.4092,1.0835,0.8683,-0.6482,10.2682,0.0065,238,False
719,4.8101,4.1050,1.8506,1.3499,-1.2659,9.4959,0.0000,227,False
720,4.8336,4.3765,0.8960,0.8849,-0.1403,9.6035,0.0000,242,False
721,4.8308,4.3639,1.0203,0.7189,-0.7241,9.6522,0.0000,237,False
722,4.7710,4.3521,0.8750,0.6943,-0.5326,9.9633,0.0007,231,False
723,4.8806,4.5501,0.8043,0.0572,-0.8023,9.4144,0.0000,235,False
724,4.8313,4.4360,0.7593,0.2272,-0.7245,9.4128,0.0000,237,False
725,4.8375,4.5281,0.3587,0.3563,-0.0412,10.3838,0.0000,239,False
726,4.8484,4.4407,0.9072,0.5166,-0.7458,10.0352,0.0000,237,False
727,4.8178,4.4491,1.0425,0.3917,-0.9661,10.0661,0.0096,231,False
728,4.8706,4.3892,1.2318,0.7488,-0.9780,9.7236,0.0061,236,False
729,4.8347,4.4581,0.9411,0.4328,-0.8356,9.9698,0.0000,235,False
730,4.8563,4.5079,0.8982,0.2324,-0.8676,9.7026,0.0000,236,False
731,4.8565,4.2725,1.3809,0.4801,-1.2948,9.6026,0.0000,236,False
732,4.8313,4.5244,0.5626,0.1773,-0.5339,9.5329,0.0000,237,False
733,4.7746,4.4004,0.9896,0.5828,-0.7997,10.0868,0.0000,234,False
734,4.8208,4.4351,0.7033,0.5294,-0.4630,9.6933,0.0000,240,False
735,4.8740,4.4805,0.9915,0.7845,-0.6062,10.0877,0.0000,237,False
736,4.8792,4.3549,1.5100,0.7792,-1.2934,9.8256,0.0000,234,False
737,4.8621,4.3982,1.3673,0.7727,-1.1280,9.9278,0.0000,233,False
738,4.8613,4.3962,0.9054,0.1203,-0.8973,10.4023,0.0000,234,False
739,4.8411,4.3440,1.2848,0.5495,-1.1614,9.6663,0.0000,229,False
740,4.7780,4.2673,1.2125,0.9514,-0.7517,10.5288,0.0000,237,False
741,4.8525,4.3935,1.0412,0.3517,-0.9800,10.0215,0.0039,237,False
742,4.7871,4.3181,0.7991,0.6387,-0.4803,10.2502,0.0000,233,False
743,4.7914,4.2914,1.3020,0.8569,-0.9802,9.5557,0.0000,230,False
744,4.8288,4.3480,1.4642,0.7029,-1.2844,10.0750,0.0000,229,False
745,4.8122,4.4342,0.8730,0.2967,-0.8210,10.0046,0.0019,237,False
746,4.7753,4.2694,1.2287,0.3825,-1.1677,9.8336,0.0000,230,False
747,4.8372,4.3732,0.5516,0.1506,-0.5306,9.7024,0.0000,241,False
748,4.8252,4.2746,1.5108,0.8341,-1.2596,9.8344,0.0000,226,False
749,4.8340,4.4168,0.6861,0.5263,-0.4401,9.7766,0.0000,242,False
750,4.8591,4.4761,1.0182,0.7063,-0.7335,9.6331,0.0053,239,False
751,4.8115,4.3446,1.2535,0.2322,-1.2318,10.0796,0.0044,236,False
752,4.8431,4.4258,1.1573,0.6080,-0.9847,9.9945,0.0000,229,False
753,4.8234,4.4145,1.0590,0.6857,-0.8070,9.7320,0.0041,231,False
754,4.8093,4.4834,0.8072,0.1415,-0.7947,9.9298,0.0076,242,False
755,4.8520,4.5209,0.5623,0.3777,0.4166,10.2931,0.0000,240,False
756,4.8155,4.3494,0.9917,0.7228,-0.6789,10.3719,0.0000,239,False
757,4.7643,4.3207,0.6574,-0.4123,-0.5120,10.1187,0.0001,238,False
758,4.7897,4.3918,0.9857,0.3713,-0.9131,9.6555,0.0000,234,False
759,4.7931,4.3079,1.3268,1.0314,-0.8347,9.7370,0.0009,232,False
760,4.7995,4.3885,0.8789,-0.0838,-0.8749,10.3719,0.0000,227,False
761,4.7997,4.1986,1.3952,0.4141,-1.3324,9.6553,0.0073,226,False
762,4.8449,4.3396,1.2120,0.1969,-1.1959,9.9758,0.0000,236,False
763,4.8254,4.3712,0.9594,0.3773,-0.8821,10.1685,0.0000,236,False
764,4.8450,4.3188,1.0537,0.0977,-1.0492,10.5162,0.0000,239,False
765,4.7469,4.1846,1.5482,0.9114,-1.2515,10.1446,0.0096,222,False
766,4.8429,4.3720,1.2566,0.8378,-0.9365,9.4084,0.0000,237,False
767,4.8268,4.3354,0.8781,0.3898,-0.7868,11.0116,0.0053,231,False
768,4.8063,4.4560,0.5809,0.3634,-0.4532,10.0504,0.0000,234,False
769,4.8206,4.3155,1.3448,1.2922,-0.3722,9.7955,0.0000,233,False
770,4.8047,4.2448,1.2702,0.3258,-1.2278,9.8599,0.0000,229,False
771,4.8757,4.4549,1.0961,0.9111,-0.6094,10.4067,0.0000,234,False
772,4.7853,4.4456,0.7956,0.5901,-0.5336,9.8876,0.0019,239,False
773,4.7982,4.3563,1.0920,0.8765,-0.6513,10.0457,0.0000,236,False
774,4.8080,4.3365,1.1079,0.1687,-1.0950,9.9394,0.0000,236,False
775,4.7913,4.3324,1.1072,-0.0570,-1.1058,9.8700,0.0000,230,False
776,4.7863,4.2890,1.1712,0.4012,-1.1003,9.8962,0.0000,232,False
777,4.8243,4.3987,1.0603,0.5175,-0.9254,9.7995,0.0008,238,False
778,4.8130,4.3971,0.9556,0.5651,-0.7707,9.8397,0.0000,236,False
779,4.8166,4.4014,1.3634,0.3872,-1.3073,9.9744,0.0000,228,False
780,4.7905,4.2692,1.0249,0.4678,-0.9119,9.6534,0.0000,239,False
781,4.7736,4.3825,1.3345,0.3789,-1.2796,9.4213,0.0058,230,False
782,4.8194,4.3567,1.0382,0.6676,-0.7950,9.4361,0.0000,233,False
783,4.7941,4.4550,0.5208,0.0382,-0.5194,9.9095,0.0000,234,False
784,4.7870,4.4228,0.5336,-0.2912,-0.4472,10.0190,0.0000,239,False
785,4.8325,4.4629,0.8040,0.2061,-0.7772,9.9735,0.0000,241,False
786,4.8146,4.5024,0.5720,0.2703,-0.5041,10.2264,0.0000,241,False
787,4.8029,4.3732,1.4730,0.8107,-1.2298,9.8039,0.0000,225,False
788,4.8193,4.3697,1.1057,0.7459,-0.8162,10.8349,0.0000,237,False
789,4.8001,4.2835,1.3090,0.8887,-0.9612,10.0299,0.0000,231,False
790,4.8060,4.3047,1.2010,0.3892,-1.1362,10.3415,0.0000,232,False
791,4.8233,4.3568,1.1905,-0.2426,-1.1655,9.7366,0.0000,229,False
792,4.7888,4.3859,1.0061,0.5882,-0.8162,9.4761,0.0000,231,False
793,4.8382,4.3713,1.1259,0.0336,-1.1254,10.0168,0.0000,234,False
794,4.7968,4.2715,1.0108,0.3652,-0.9426,10.0783,0.0000,230,False
795,4.8251,4.3977,1.0713,0.6750,-0.8319,9.3172,0.0000,233,False
796,4.8358,4.3402,0.8670,-0.0825,-0.8631,10.1563,0.0000,231,False
797,4.8211,4.5118,0.6904,0.1591,-0.6719,10.0368,0.0000,230,False
798,4.7987,4.2855,1.0993,0.3980,-1.0248,9.6606,0.0000,236,False
799,4.8010,4.1678,1.1763,0.9555,-0.6860,9.7714,0.0027,232,False
800,4.8313,4.3843,1.1391,0.2788,-1.1045,10.0451,0.0000,237,False
801,4.8365,4.3861,0.9030,0.5409,-0.7230,9.6952,0.0000,235,False
802,4.8035,4.4237,1.0666,0.1588,-1.0547,10.0919,0.0000,232,False
803,4.8389,4.4546,0.6788,-0.0257,-0.6783,10.6619,0.0000,234,False
804,4.7951,4.3665,0.8912,0.1680,-0.8752,9.6140,0.0000,235,False
805,4.8324,4.4303,0.8207,0.6109,-0.5481,10.1613,0.0000,238,False
806,4.8298,4.3003,1.3814,0.4687,-1.2995,9.5517,0.0000,225,False
807,4.7909,4.1638,1.5742,0.5517,-1.4744,9.5757,0.0000,223,False
808,4.7920,4.3076,1.2327,1.1359,-0.4790,9.7895,0.0000,237,False
809,4.8121,4.3659,0.9107,0.7368,-0.5353,10.0966,0.0075,238,False
810,4.7534,4.1887,1.4577,1.0069,-1.0540,10.3915,0.0000,230,False
811,4.8038,4.4192,1.1022,0.3630,-1.0407,10.1450,0.0000,233,False
812,4.8389,4.4497,0.8634,0.7400,-0.4447,9.4230,0.0000,241,False
813,4.8124,4.3777,0.9674,0.2106,-0.9441,10.0540,0.0008,232,False
814,4.8363,4.2191,1.1180,0.8735,-0.6978,10.0071,0.0000,239,False
815,4.8392,4.4194,0.6013,0.6013,0.0020,10.1015,0.0000,249,False
816,4.8275,4.4350,1.0066,0.5143,-0.8652,9.8948,0.0000,238,False
817,4.8391,4.3931,1.1294,0.6266,-0.9396,9.6867,0.0077,231,False
818,4.8341,4.3820,1.1598,0.4662,-1.0619,9.4089,0.0000,230,False
819,4.7412,4.4333,0.6066,0.4652,-0.3893,9.9264,0.0000,233,False
820,4.7874,4.3674,0.9160,0.3198,-0.8584,10.1513,0.0000,236,False
821,4.7767,4.4126,0.5014,0.3760,-0.3317,10.3604,0.0055,238,False
822,4.8367,4.1365,1.3141,0.5056,-1.2129,10.1289,0.0000,237,False
823,4.8672,4.4487,1.2169,0.1938,-1.2013,9.6375,0.0000,235,False
824,4.8369,4.2923,1.4171,0.7579,-1.1974,10.0417,0.0000,232,False
825,4.7786,4.3452,0.8868,0.3719,-0.8050,10.0443,0.0000,236,False
826,4.8609,4.5165,0.8105,0.5580,-0.5878,9.4633,0.0000,238,False
827,4.7883,4.3808,1.0524,0.6365,-0.8381,10.0758,0.0000,234,False
828,4.8513,4.4766,0.1449,0.1107,-0.0935,10.0897,0.0000,240,False
829,4.8291,4.4552,1.2302,-0.0399,-1.2295,10.3446,0.0000,230,False
830,4.8448,4.4422,1.1772,0.3413,-1.1266,10.3245,0.0000,234,False
831,4.7902,4.3463,0.8824,0.6834,-0.5582,10.1828,0.0018,236,False
832,4.7995,4.4845,0.5731,0.0092,-0.5730,9.4989,0.0000,234,False
833,4.7855,4.2894,1.1959,0.5359,-1.0691,9.6651,0.0034,231,False
834,4.8323,4.3373,1.6578,0.9181,-1.3804,9.2214,0.0000,229,False
835,4.8194,4.4422,0.7360,0.4952,-0.5445,10.1462,0.0000,233,False
836,4.8200,4.3553,0.6166,0.1467,-0.5989,10.1795,0.0000,238,False
837,4.8224,4.2009,1.7388,0.8532,-1.5151,9.2107,0.0000,227,False
838,4.7910,4.3312,1.3819,1.0724,-0.8716,9.6152,0.0000,230,False
839,4.8145,4.2964,1.4003,0.8147,-1.1388,10.1757,0.0000,228,False
840,4.8268,4.3998,0.5685,0.4592,-0.3352,10.1394,0.0000,238,False
841,4.7721,4.1924,1.0921,0.7596,-0.7847,9.3467,0.0000,234,False
842,4.8155,4.5136,1.0507,0.4771,-0.9362,9.8781,0.0000,233,False
843,4.8091,4.4049,1.0945,0.1529,-1.0838,10.2547,0.0000,238,False
844,4.8209,4.3677,1.2395,0.4952,-1.1362,10.3509,0.0000,231,False
845,4.7739,4.3685,0.8886,0.3427,-0.8199,10.1077,0.0000,229,False
846,4.8352,4.4406,1.1080,0.7109,-0.8499,9.7331,0.0000,232,False
847,4.8155,4.4408,1.1041,0.5371,-0.9646,9.6357,0.0000,228,False
848,4.7920,4.3602,1.4228,0.5463,-1.3137,8.9311,0.0000,226,False
849,4.8249,4.5083,0.6112,-0.2213,-0.5697,10.1999,0.0000,237,False
850,4.8038,4.3746,0.5413,0.1891,-0.5072,10.4578,0.0000,241,False
851,4.8399,4.5052,0.8672,0.1621,-0.8519,10.1504,0.0000,234,False
852,4.8212,4.4820,1.0190,0.5410,-0.8635,10.0699,0.0002,232,False
853,4.8007,4.4446,0.8471,0.6775,-0.5085,9.8602,0.0080,239,False
854,4.7437,4.0852,1.4882,1.0172,-1.0862,10.0838,0.0000,232,False
855,4.7690,4.4975,0.2872,0.2720,-0.0923,10.1148,0.0099,235,False
856,4.8183,4.3961,1.1483,0.5771,-0.9927,9.5045,0.0000,233,False
857,4.8063,4.3117,1.2307,0.5583,-1.0968,9.9814,0.0000,237,False
858,4.8487,4.4087,0.1422,-0.0240,-0.1402,9.7630,0.0000,246,False
859,4.8032,4.4558,0.8568,0.2526,-0.8187,10.0810,0.0000,235,False
860,4.8308,4.4138,1.3916,0.5653,-1.2716,9.7062,0.0000,229,False
861,4.8332,4.3266,0.9226,0.9051,-0.1788,9.8814,0.0000,243,False
862,4.8209,4.4157,1.3030,0.8096,-1.0210,9.7816,0.0000,233,False
863,4.8025,4.2832,1.3696,0.9090,-1.0244,9.9761,0.0080,230,False
864,4.8463,4.4445,0.9776,0.2334,-0.9493,9.5402,0.0000,233,False
865,4.8068,4.4076,0.8921,-0.0157,-0.8920,9.8129,0.0000,237,False
866,4.8026,4.2630,1.6213,0.9894,-1.2844,10.4187,0.0095,228,False
867,4.8225,4.4260,0.6848,0.3177,-0.6066,10.1696,0.0021,239,False
868,4.8121,4.3768,0.9842,0.6029,-0.7779,9.5199,0.0000,236,False
869,4.8324,4.3075,1.2926,0.3364,-1.2481,10.3443,0.0000,238,False
870,4.7751,4.4200,0.6356,-0.2696,-0.5756,9.8613,0.0099,230,False
871,4.8224,4.3729,1.0588,0.4758,-0.9458,10.1628,0.0000,235,False
872,4.7917,4.3804,1.1144,0.5556,-0.9660,9.9514,0.0059,229,False
873,4.8084,4.1551,1.2904,0.8754,-0.9481,10.1288,0.0000,229,False
874,4.7619,4.4979,0.4564,0.2688,-0.3688,10.5724,0.0000,234,False
875,4.8979,4.5676,1.0958,0.2382,-1.0696,9.8188,0.0000,239,False
876,4.8347,4.4150,1.0078,0.6498,-0.7704,9.9103,0.0000,237,False
877,4.7876,4.4487,0.3439,0.1182,-0.3230,9.8118,0.0000,238,False
878,4.8325,4.4717,0.5627,-0.0431,-0.5611,9.9921,0.0000,234,False
879,4.7869,4.3848,0.9190,0.4887,-0.7783,9.8875,0.0000,240,False
880,4.8219,4.3971,1.0829,0.8855,-0.6234,9.6134,0.0000,230,False
881,4.8172,4.3264,1.1661,0.4987,-1.0541,10.3057,0.0000,239,False
882,4.8138,4.3266,1.2984,0.5546,-1.1740,10.1743,0.0000,237,False
883,4.8414,4.3897,1.1343,0.3210,-1.0879,9.9078,0.0000,233,False
884,4.8341,4.4624,0.9651,0.5710,-0.7780,9.5553,0.0000,231,False
885,4.8314,4.3126,1.2050,0.6314,-1.0263,9.3294,0.0000,232,False
886,4.8375,4.4738,0.9556,0.5256,-0.7981,9.7351,0.0000,233,False
887,4.8297,4.5016,0.7928,0.2552,-0.7506,10.2228,0.0000,235,False
888,4.8234,4.2432,1.2566,0.5277,-1.1404,9.6639,0.0031,233,False
889,4.8657,4.3706,0.8394,0.3313,-0.7713,9.7064,0.0000,243,False
890,4.7917,4.3585,1.0490,0.7833,-0.6977,10.1251,0.0000,236,False
891,4.8355,4.4102,1.3315,0.5284,-1.2222,10.0044,0.0000,230,False
892,4.8130,4.4118,0.6860,0.0815,-0.6811,10.0446,0.0016,238,False
893,4.7954,4.1196,1.1219,0.6224,-0.9334,9.9673,0.0000,231,False
894,4.7905,4.1899,1.6710,0.9676,-1.3624,9.3102,0.0000,229,False
895,4.7676,4.3307,0.8782,0.1595,-0.8636,10.1508,0.0000,230,False
896,4.8153,4.4319,1.0916,0.2245,-1.0683,10.2509,0.0000,236,False
897,4.8383,4.4002,1.2582,-0.0979,-1.2544,9.6217,0.0000,236,False
898,4.7898,4.2818,1.2092,0.1578,-1.1988,9.4142,0.0000,232,False
899,4.8088,4.2851,1.2244,0.4612,-1.1343,9.6881,0.0045,232,False
900,4.8279,4.2790,0.4683,-0.0532,-0.4653,10.0889,0.0000,243,False
901,4.7853,4.1351,1.3361,0.3396,-1.2922,9.9868,0.0082,227,False
902,4.7846,4.5037,0.8405,0.0761,-0.8371,9.8969,0.0050,233,False
903,4.8396,4.1794,1.8533,0.6215,-1.7459,9.3492,0.0000,225,False
904,4.8335,4.4851,0.6983,0.1725,-0.6767,10.0803,0.0000,237,False
905,4.8188,4.2897,1.1417,0.5752,-0.9862,9.6761,0.0092,239,False
906,4.8614,4.4328,1.2031,0.5150,-1.0873,10.0142,0.0000,234,False
907,4.8111,4.3234,0.7998,0.1788,-0.7795,10.2535,0.0000,237,False
908,4.7853,4.4295,1.0663,0.1258,-1.0588,9.8164,0.0000,232,False
909,4.8300,4.3109,1.4100,0.1803,-1.3985,9.5743,0.0000,230,False
910,4.7957,4.3416,1.2532,0.0291,-1.2529,10.1627,0.0025,235,False
911,4.8244,4.3044,1.4759,0.4618,-1.4018,10.1442,0.0000,231,False
912,4.7646,4.3795,0.9163,0.4619,-0.7914,10.2169,0.0048,236,False
913,4.8057,4.3340,1.2369,1.0733,-0.6148,9.6397,0.0000,233,False
914,4.7867,4.3899,0.9463,0.2109,-0.9225,9.6506,0.0044,234,False
915,4.7778,4.3373,1.2251,0.8445,-0.8876,9.3705,0.0092,234,False
916,4.8063,4.2811,0.6540,-0.2262,-0.6136,10.5895,0.0000,235,False
917,4.8487,4.3982,1.1527,0.5358,-1.0206,10.0741,0.0000,238,False
918,4.8012,4.4097,0.9795,0.7816,-0.5904,10.4780,0.0000,235,False
919,4.8519,4.5175,0.6185,0.5368,-0.3073,9.7447,0.0000,242,False
920,4.8050,4.4805,1.1369,0.4975,-1.0222,9.5827,0.0000,226,False
921,4.8537,4.4320,1.0761,0.6826,-0.8319,9.3146,0.0059,233,False
922,4.8343,4.3846,1.3131,0.2027,-1.2974,9.8500,0.0000,231,False
923,4.7783,4.3201,1.1829,0.7231,-0.9362,9.7774,0.0000,226,False
924,4.8577,4.3847,1.3965,0.2698,-1.3702,9.7783,0.0000,229,False
925,4.8092,4.3901,1.2768,0.7132,-1.0591,10.0633,0.0098,228,False
926,4.8169,4.1927,1.2590,-0.0951,-1.2554,9.7508,0.0000,235,False
927,4.8255,4.4050,0.8117,0.1785,-0.7919,10.2960,0.0000,238,False
928,4.8175,4.3480,1.5217,1.0024,-1.1449,9.9208,0.0020,230,False
929,4.7473,4.4243,0.9957,0.5535,-0.8277,9.7036,0.0020,228,False
930,4.8132,4.3705,1.0382,-0.0603,-1.0364,9.8426,0.0013,236,False
931,4.8310,4.4523,0.4936,0.0429,-0.4918,10.1885,0.0000,238,False
932,4.7611,4.2941,1.0699,-0.4663,-0.9629,10.4303,0.0000,235,False
933,4.8231,4.3484,1.1838,0.3981,-1.1148,9.6002,0.0010,235,False
934,4.8574,4.5266,0.9492,0.2453,-0.9170,9.1159,0.0000,237,False
935,4.8190,4.3258,1.3669,0.7041,-1.1716,9.5151,0.0038,234,False
936,4.8548,4.3938,0.5400,0.4425,-0.3096,10.4230,0.0000,245,False
937,4.8400,4.4139,1.0563,0.5800,-0.8828,9.5961,0.0000,233,False
938,4.7927,4.2272,1.3453,0.8630,-1.0321,9.8607,0.0000,233,False
939,4.8086,4.4585,0.6617,-0.1597,-0.6422,9.9519,0.0000,236,False
940,4.8476,4.3151,1.5547,0.6017,-1.4335,9.9702,0.0008,232,False
941,4.8201,4.4236,1.3434,0.9183,-0.9805,10.0220,0.0000,229,False
942,4.8432,4.3703,1.2031,0.5700,-1.0595,10.2643,0.0000,236,False
943,4.7641,4.3978,0.9814,0.5853,-0.7877,9.5133,0.0000,230,False
944,4.8244,4.5286,0.8087,0.0888,-0.8038,9.9383,0.0000,234,False
945,4.8027,4.3118,1.4859,1.1205,-0.9759,9.8407,0.0000,229,False
946,4.8059,4.2935,1.1710,0.4367,-1.0866,10.0622,0.0026,233,False
947,4.8492,4.4525,0.9985,0.5855,-0.8088,10.0121,0.0000,240,False
948,4.8360,4.4568,0.8721,0.2895,-0.8227,10.2276,0.0059,233,False
949,4.8077,4.3912,1.0645,0.6204,-0.8651,9.5893,0.0051,235,False
950,4.8275,4.4810,0.9117,-0.2443,-0.8784,9.7744,0.0094,232,False
951,4.8021,4.3170,1.0420,0.0716,-1.0395,9.8655,0.0000,228,False
952,4.7981,4.3732,1.2032,0.2823,-1.1696,9.6637,0.0092,236,False
953,4.8212,4.3355,1.4072,0.5404,-1.2993,9.8301,0.0000,229,False
954,4.8239,4.4431,0.6086,0.2477,-0.5559,10.1514,0.0000,229,False
955,4.8161,4.3157,1.2958,0.5028,-1.1943,9.9167,0.0000,230,False
956,4.8076,4.1948,1.5598,0.8014,-1.3382,9.8951,0.0000,232,False
957,4.8285,4.2699,0.9447,0.3037,-0.8945,10.7764,0.0075,239,False
958,4.8422,4.4505,0.8960,0.7418,-0.5026,9.9283,0.0000,238,False
959,4.8047,4.3644,0.8103,-0.1757,-0.7910,9.9650,0.0000,236,False
960,4.7936,4.1837,1.0934,-0.1166,-1.0872,10.0980,0.0000,232,False
961,4.8395,4.3246,1.0145,0.6096,-0.8109,10.7872,0.0000,236,False
962,4.8291,4.5208,0.5599,0.0996,-0.5509,10.3028,0.0000,240,False
963,4.8156,4.4550,0.8422,0.2909,-0.7904,10.7126,0.0000,237,False
964,4.8191,4.3974,0.9673,0.6483,-0.7179,9.8329,0.0000,235,False
965,4.7994,4.2881,1.4001,0.6523,-1.2389,9.9404,0.0000,225,False
966,4.8218,4.2978,1.4667,1.3295,-0.6192,8.8605,0.0000,230,False
967,4.8134,4.4635,0.6905,0.1357,-0.6770,10.4492,0.0000,232,False
968,4.8383,4.4437,0.6834,0.4109,-0.5461,10.0488,0.0000,243,False
969,4.7586,4.3521,0.8451,0.7449,-0.3993,9.6942,0.0000,232,False
970,4.8335,4.4047,1.1515,0.6439,-0.9546,10.2364,0.0000,235,False
971,4.8166,4.1905,1.1577,-0.2004,-1.1402,10.2957,0.0000,236,False
972,4.8373,4.3883,1.3061,0.5969,-1.1617,9.4296,0.0000,234,False
973,4.8266,4.3487,1.3672,1.0530,-0.8720,9.9219,0.0000,235,False
974,4.8037,4.3318,0.4148,-0.0576,-0.4108,9.7838,0.0078,241,False
975,4.8058,4.4830,0.7611,0.6928,-0.3151,10.1291,0.0000,228,False
976,4.8486,4.3253,1.4519,0.2898,-1.4226,8.7259,0.0000,230,False
977,4.7985,4.4606,0.5765,0.2979,-0.4935,10.0178,0.0000,236,False
978,4.8031,4.2895,1.3683,1.1336,-0.7664,9.7543,0.0000,233,False
979,4.8187,4.3674,1.2712,0.3427,-1.2242,9.7721,0.0000,231,False
980,4.8236,4.4434,0.9283,0.6138,-0.6965,10.2079,0.0000,240,False
981,4.8218,4.3388,1.2630,0.4972,-1.1610,9.0204,0.0000,229,False
982,4.8439,4.5488,0.6193,0.4096,-0.4645,9.6195,0.0000,237,False
983,4.8541,4.4067,1.1925,0.5097,-1.0780,10.1187,0.0000,235,False
984,4.7877,4.2229,1.2581,0.9094,-0.8694,9.9422,0.0000,230,False
985,4.7872,4.3485,1.2778,0.6239,-1.1152,10.2288,0.0000,235,False
986,4.8076,4.3988,1.1704,0.1865,-1.1555,9.9851,0.0058,235,False
987,4.8035,4.4504,0.4093,0.4067,-0.0467,10.6253,0.0000,243,False
988,4.8299,4.4039,1.2533,0.2039,-1.2366,10.0281,0.0000,238,False
989,4.7751,4.3940,0.7404,0.5376,-0.5091,10.1774,0.0014,236,False
990,4.7869,4.4149,0.7966,-0.0282,-0.7961,10.0644,0.0000,238,False
991,4.8287,4.4898,0.8575,-0.0300,-0.8570,10.0463,0.0000,233,False
992,4.8342,4.4442,1.2347,0.5874,-1.0860,9.8919,0.0000,229,False
993,4.8882,4.3507,1.3002,0.2229,-1.2809,10.4540,0.0000,235,False
994,4.8109,4.2798,1.3327,0.9885,-0.8939,9.8432,0.0000,233,False
995,4.8091,4.4583,0.8561,0.4356,-0.7369,9.7294,0.0000,232,False
996,4.8113,4.3128,1.2855,0.8858,-0.9315,9.8903,0.0000,228,False
997,4.8340,4.4055,0.7366,0.1555,-0.7200,10.0326,0.0000,235,False
998,4.8248,4.3050,1.2168,0.0484,-1.2159,9.9591,0.0000,235,False
999,4.8619,4.5447,0.9477,0.6681,-0.6721,9.4263,0.0000,237,False
